X,bm_1,bm_2,bm_3,bm_4,bm_5
size_1,0.012769861733893413,0.013944378279695248,0.01800869418661075,0.019681063140042917,0.022201508743158203
size_2,0.006259579987515242,0.01029983373364491,0.010423754855697489,0.015175211136165958,0.013556699188132938
size_3,0.004247420698467151,0.0035514365314253497,0.00799147713791209,0.0068568152198307634,0.009935648701751077
size_4,0.0011770096862487056,0.004177883897163486,0.005750478292975454,0.004740492002810018,0.005484490341713791
size_5,0.0018942509925091579,-0.002326691194061008,0.003813169066173819,0.0017289878642830527,0.002908631755857512
